MonsterID,CR_float,Type_Aberration,Type_Beast,Type_Celestial,Type_Construct,Type_Dragon,Type_Elemental,Type_Fey,Type_Fiend,Type_Fiend Fiend,Type_Giant,Type_Humanoid,Type_Humanoid Humanoid,Type_Monstrosity,Type_Monstrosity Monstrosity,Type_Ooze,Type_Plant,Type_Temp,Type_Undead,Size_Gargantuan,Size_Huge,Size_Large,Size_Medium,Size_Small,Size_Temp,Size_Tiny,Size_Varies,env_Arctic,env_Cave,env_Desert,env_Dungeon,env_Forest,env_Hell,env_Mountain,env_Plains,env_Sky,env_Underground,env_Urban,env_Water,env_Unknown
1,0.25,False,False,False,False,False,False,False,False,False,False,True,False,False,False,False,False,False,False,False,False,False,True,False,False,False,False,0,0,0,0,1,0,0,1,1,0,1,0,0
2,10.0,True,False,False,False,False,False,False,False,False,False,False,False,False,False,False,False,False,False,False,False,True,False,False,False,False,False,0,0,0,1,0,0,0,0,0,1,0,1,0
3,0.25,False,False,False,False,False,False,False,False,False,False,True,False,False,False,False,False,False,False,False,False,False,True,False,False,False,False,0,0,0,0,1,0,0,1,0,0,1,0,0
4,1.0,False,False,False,False,False,False,False,False,False,False,False,False,True,False,False,False,False,False,False,False,False,True,False,False,False,False,0,0,0,0,1,0,1,0,0,0,0,1,0
5,5.0,False,False,False,False,False,False,False,False,False,False,False,False,False,False,False,False,False,True,False,False,False,True,False,False,False,False,0,0,0,1,0,0,0,0,1,0,0,0,0
6,0.0,False,True,False,False,False,False,False,False,False,False,False,False,False,False,False,False,False,False,False,False,False,False,True,False,False,False,0,0,0,0,1,0,0,1,0,0,0,0,0
7,0.5,False,False,False,False,True,False,False,False,False,False,False,False,False,False,False,False,False,False,False,False,False,True,False,False,False,False,0,0,0,0,0,0,1,0,1,0,0,0,0
8,10.0,False,False,True,False,False,False,False,False,False,False,False,False,False,False,False,False,False,False,False,False,False,True,False,False,False,False,0,0,0,0,0,0,0,1,1,0,0,0,0
9,16.0,False,False,True,False,False,False,False,False,False,False,False,False,False,False,False,False,False,False,False,False,True,False,False,False,False,False,0,0,0,0,0,0,0,1,1,0,0,0,0
10,21.0,False,False,True,False,False,False,False,False,False,False,False,False,False,False,False,False,False,False,False,False,True,False,False,False,False,False,0,0,0,0,0,0,0,1,1,0,0,0,0
11,1.0,False,False,False,True,False,False,False,False,False,False,False,False,False,False,False,False,False,False,False,False,False,True,False,False,False,False,0,0,0,1,0,0,0,0,0,0,1,0,0
12,0.25,False,False,False,True,False,False,False,False,False,False,False,False,False,False,False,False,False,False,False,False,False,False,True,False,False,False,0,0,0,1,0,0,0,0,1,0,1,0,0
13,2.0,False,False,False,True,False,False,False,False,False,False,False,False,False,False,False,False,False,False,False,False,True,False,False,False,False,False,0,0,0,1,0,0,0,0,0,0,1,0,0
14,2.0,False,False,False,False,False,False,False,False,False,False,False,False,True,False,False,False,False,False,False,False,True,False,False,False,False,False,0,0,0,0,1,0,1,0,0,1,0,0,0
15,3.0,False,False,False,False,False,False,False,False,False,False,False,False,False,False,False,True,False,False,False,False,True,False,False,False,False,False,0,0,0,0,1,0,0,0,0,0,0,0,0
16,2.0,False,True,False,False,False,False,False,False,False,False,False,False,False,False,False,False,False,False,False,False,True,False,False,False,False,False,0,0,0,0,1,0,0,1,0,0,0,0,0
17,0.25,False,True,False,False,False,False,False,False,False,False,False,False,False,False,False,False,False,False,False,False,True,False,False,False,False,False,0,0,0,0,1,0,0,1,0,0,0,0,0
18,0.13,False,True,False,False,False,False,False,False,False,False,False,False,False,False,False,False,False,False,False,False,False,True,False,False,False,False,0,0,0,0,1,0,0,1,0,0,0,1,0
19,0.5,False,True,False,False,False,False,False,False,False,False,False,False,False,False,False,False,False,False,False,False,False,True,False,False,False,False,0,0,0,0,1,0,0,1,0,0,0,0,0
20,21.0,False,False,False,False,False,False,False,False,False,False,False,False,True,False,False,False,False,False,True,False,False,False,False,False,False,False,0,0,0,0,1,0,1,0,1,0,0,0,0
21,13.0,False,False,False,False,False,False,False,False,False,False,False,False,False,False,False,False,False,True,False,True,False,False,False,False,False,False,0,0,0,1,0,0,0,0,1,0,0,0,0
22,0.0,False,False,False,False,False,False,False,False,False,False,False,False,False,False,False,False,False,True,False,False,False,True,False,False,False,False,0,0,0,1,0,0,0,0,1,0,0,0,0
23,2.0,False,False,False,False,False,False,False,False,False,False,False,False,False,False,False,True,False,False,False,True,False,False,False,False,False,False,0,0,0,0,1,0,0,0,0,0,0,0,0
24,2.0,False,False,False,False,False,True,False,False,False,False,False,False,False,False,False,False,False,False,False,False,False,True,False,False,False,False,0,1,0,0,0,0,0,0,0,0,0,0,0
25,11.0,False,False,False,True,False,False,False,False,False,False,False,False,False,False,False,False,False,False,True,False,False,False,False,False,False,False,0,0,0,1,0,0,0,0,0,0,1,0,0
26,11.0,True,False,False,False,False,False,False,False,False,False,False,False,False,False,False,False,False,False,False,False,True,False,False,False,False,False,0,0,0,1,0,0,0,0,0,1,0,0,0
27,5.0,False,False,False,False,False,False,False,False,False,False,False,False,True,False,False,False,False,False,False,False,True,False,False,False,False,False,0,0,0,0,1,0,1,0,0,0,0,0,0
28,4.0,False,False,False,False,False,False,False,False,False,False,False,False,False,False,False,False,False,True,False,False,False,True,False,False,False,False,0,0,0,1,0,0,0,0,1,0,0,0,0
29,4.0,False,False,False,False,False,False,False,True,False,False,False,False,False,False,False,False,False,False,False,False,True,False,False,False,False,False,0,0,0,0,0,1,0,0,0,0,0,0,0
30,3.0,False,False,False,False,False,False,False,False,False,False,False,False,True,False,False,False,False,False,False,False,False,True,False,False,False,False,0,0,0,0,1,0,1,0,0,0,0,0,0
31,11.0,False,False,False,False,False,False,False,False,False,False,False,False,True,False,False,False,False,False,False,True,False,False,False,False,False,False,0,0,0,0,1,0,1,0,0,0,0,0,0
32,13.0,True,False,False,False,False,False,False,False,False,False,False,False,False,False,False,False,False,False,False,False,True,False,False,False,False,False,0,0,0,1,0,0,0,0,0,1,0,0,0
33,10.0,True,False,False,False,False,False,False,False,False,False,False,False,False,False,False,False,False,False,False,False,True,False,False,False,False,False,0,0,0,1,0,0,0,0,1,1,0,0,0
34,14.0,False,False,False,False,False,False,False,False,False,False,False,False,False,False,False,False,False,True,False,False,True,False,False,False,False,False,0,0,0,1,0,0,0,0,0,0,0,0,0
35,6.0,True,False,False,False,False,False,False,False,False,False,False,False,False,False,False,False,False,False,False,False,False,True,False,False,False,False,0,0,0,1,0,0,0,0,1,1,0,0,0
36,0.5,True,False,False,False,False,False,False,False,False,False,False,False,False,False,False,False,False,False,False,False,False,False,False,False,True,False,0,0,0,1,0,0,0,0,1,1,0,0,0
37,3.0,True,False,False,False,False,False,False,False,False,False,False,False,False,False,False,False,False,False,False,False,False,True,False,False,False,False,0,0,0,1,0,0,0,0,1,1,0,0,0
38,2.0,True,False,False,False,False,False,False,False,False,False,False,False,False,False,False,False,False,False,False,False,False,True,False,False,False,False,0,0,0,1,0,0,0,0,1,1,0,0,0
39,2.0,False,False,False,False,False,False,False,False,False,False,True,False,False,False,False,False,False,False,False,False,False,True,False,False,False,False,0,0,0,0,1,0,0,1,0,0,1,0,0
40,3.0,False,False,False,False,False,False,False,False,False,False,True,False,False,False,False,False,False,False,False,False,False,True,False,False,False,False,0,0,0,0,1,0,0,1,0,0,1,0,0
41,4.0,False,False,False,False,False,False,False,False,False,False,True,False,False,False,False,False,False,False,False,False,False,True,False,False,False,False,0,0,0,0,0,0,0,0,0,0,0,1,0
42,0.5,False,False,False,False,False,False,False,False,False,False,True,False,False,False,False,False,False,False,False,False,False,True,False,False,False,False,0,0,0,0,1,0,0,1,0,0,1,0,0
43,4.0,False,False,False,False,False,False,False,False,False,False,True,False,False,False,False,False,False,False,False,False,False,True,False,False,False,False,0,0,0,0,1,0,0,1,0,0,1,0,0
44,0.25,False,False,False,False,False,False,False,False,False,False,False,False,False,False,False,True,False,False,False,False,False,True,False,False,False,False,0,0,0,0,1,0,0,0,0,0,0,0,0
45,7.0,False,False,False,False,False,False,False,False,False,False,False,False,False,False,False,True,False,False,False,True,False,False,False,False,False,False,0,0,0,0,1,0,0,0,0,0,0,0,0
46,0.13,False,False,False,False,False,False,False,False,False,False,False,False,False,False,False,True,False,False,False,False,False,False,True,False,False,False,0,0,0,0,1,0,0,0,0,0,0,0,0
47,0.5,False,False,False,False,False,False,False,False,False,False,False,False,False,False,False,True,False,False,False,False,False,True,False,False,False,False,0,0,0,0,1,0,0,0,0,0,0,0,0
48,6.0,False,False,False,False,False,False,False,False,False,False,False,False,False,False,False,False,False,True,False,False,False,True,False,False,False,False,0,0,0,1,0,0,0,0,0,0,0,0,0
49,0.13,False,False,False,False,False,False,True,False,False,False,False,False,False,False,False,False,False,False,False,False,False,False,True,False,False,False,0,0,0,0,1,0,0,1,0,0,0,0,0
50,12.0,False,False,False,False,False,False,False,False,False,False,False,False,False,False,False,False,False,True,False,False,True,False,False,False,False,False,0,0,0,1,0,0,0,0,0,0,0,0,0
51,1.0,False,False,False,False,False,False,False,False,False,False,True,False,False,False,False,False,False,False,False,False,False,True,False,False,False,False,0,0,0,0,1,0,0,1,0,0,1,0,0
52,5.0,False,False,False,False,False,False,False,False,False,False,False,False,True,False,False,False,False,False,False,False,True,False,False,False,False,False,0,0,0,0,1,0,1,0,0,1,0,0,0
53,0.25,False,False,False,False,False,False,False,False,False,False,True,False,False,False,False,False,False,False,False,False,False,True,False,False,False,False,0,0,0,0,1,0,0,1,0,0,1,1,0
54,14.0,False,False,False,True,False,False,False,False,False,False,False,False,False,False,False,False,False,False,False,False,True,False,False,False,False,False,0,0,0,1,0,0,0,0,0,0,1,0,0
55,5.0,False,False,False,False,False,False,False,True,False,False,False,False,False,False,False,False,False,False,False,False,False,True,False,False,False,False,0,0,0,0,0,1,0,0,1,0,0,0,0
56,2.0,False,False,False,False,False,False,False,False,False,False,False,False,True,False,False,False,False,False,False,False,True,False,False,False,False,False,0,0,0,0,1,0,1,0,0,0,0,0,0
57,6.0,False,False,False,False,False,False,False,False,False,False,False,False,False,False,False,False,False,True,False,False,True,False,False,False,False,False,0,0,0,1,0,0,0,0,0,0,0,0,0
58,6.0,False,False,False,False,False,False,False,False,False,False,False,False,True,False,False,False,False,False,False,False,True,False,False,False,False,False,0,0,0,0,1,0,1,0,1,0,0,0,0
59,0.5,False,False,False,False,False,False,False,False,False,False,False,False,True,False,False,False,False,False,False,False,False,False,True,False,False,False,0,0,0,0,1,0,1,0,0,0,0,0,0
60,1.0,True,False,False,False,False,False,False,False,False,False,False,False,False,False,False,False,False,False,False,False,False,False,True,False,False,False,0,0,0,1,0,0,0,0,0,1,0,0,0
61,4.0,True,False,False,False,False,False,False,False,False,False,False,False,False,False,False,False,False,False,False,False,True,False,False,False,False,False,0,0,0,1,0,0,0,0,0,1,0,1,0
62,0.0,False,False,False,False,False,True,False,False,False,False,False,False,False,False,False,False,False,False,False,False,False,False,False,False,True,False,0,1,0,0,0,0,0,0,0,0,0,1,0
63,8.0,True,False,False,False,False,False,False,False,False,False,False,False,False,False,False,False,False,False,False,False,True,False,False,False,False,False,0,0,0,1,0,0,0,0,1,1,0,0,0
64,1.0,False,False,False,True,False,False,False,False,False,False,False,False,False,False,False,False,False,False,False,False,False,True,False,False,False,False,0,0,0,1,0,0,0,0,0,1,1,0,0
65,4.0,False,False,False,True,False,False,False,False,False,False,False,False,False,False,False,False,False,False,False,False,False,True,False,False,False,False,0,0,0,1,0,0,0,0,0,0,1,0,0
66,5.0,False,False,False,True,False,False,False,False,False,False,False,False,False,False,False,False,False,False,False,False,False,True,False,False,False,False,0,0,0,1,0,0,0,0,0,0,1,0,0
67,0.5,False,False,False,False,False,False,False,False,False,False,False,False,True,False,False,False,False,False,False,False,False,False,True,False,False,False,0,0,0,0,1,0,1,0,1,0,0,0,0
68,8.0,False,False,False,False,False,False,False,False,False,False,False,False,False,False,False,True,False,False,False,False,True,False,False,False,False,False,0,0,0,0,1,0,0,0,0,0,0,0,0
69,4.0,False,False,True,False,False,False,False,False,False,False,False,False,False,False,False,False,False,False,False,False,False,True,False,False,False,False,0,0,0,0,0,0,0,1,1,0,0,0,0
70,1.0,False,True,False,False,False,False,False,False,False,False,False,False,False,False,False,False,False,False,False,False,True,False,False,False,False,False,0,0,0,0,1,0,0,1,0,0,0,0,0
71,0.0,False,True,False,False,False,False,False,False,False,False,False,False,False,False,False,False,False,False,False,False,False,False,False,False,True,False,0,0,0,0,1,0,0,1,0,0,0,0,0
72,5.0,False,True,False,False,False,False,False,False,False,False,False,False,False,False,False,False,False,False,False,False,False,True,False,False,False,False,0,0,0,0,1,0,0,1,0,0,0,0,0
73,0.0,False,False,False,False,False,False,False,False,False,False,False,False,False,False,False,False,False,True,False,False,False,False,False,False,True,False,0,0,0,1,0,0,0,0,0,0,0,0,0
74,6.0,False,False,False,False,False,False,False,False,False,True,False,False,False,False,False,False,False,False,False,True,False,False,False,False,False,False,0,0,0,0,1,0,0,1,0,0,0,0,0
75,0.5,False,False,False,False,False,False,True,False,False,False,False,False,False,False,False,False,False,False,False,False,False,False,True,False,False,False,0,0,0,0,1,0,0,1,0,0,0,0,0
76,2.0,False,False,False,False,False,False,True,False,False,False,False,False,False,False,False,False,False,False,False,False,False,True,False,False,False,False,0,0,0,0,1,0,0,1,0,0,0,0,0
77,17.0,False,False,False,False,False,False,False,False,False,False,False,False,False,False,False,False,False,True,False,False,False,True,False,False,False,False,0,0,0,1,0,0,0,0,0,0,0,0,0
78,4.0,False,False,False,False,False,False,False,False,False,False,False,False,False,False,False,False,False,True,False,False,False,True,False,False,False,False,0,0,0,1,0,0,0,0,0,0,0,0,0
79,8.0,False,False,False,False,False,False,False,False,False,False,False,False,False,False,False,False,False,True,False,False,False,True,False,False,False,False,0,0,0,1,0,0,0,0,0,0,0,0,0
80,3.0,False,False,False,False,False,False,False,False,False,False,False,False,False,False,False,False,False,True,False,False,False,True,False,False,False,False,0,0,0,1,0,0,0,0,0,0,0,0,0
81,4.0,False,False,False,False,False,False,False,False,False,False,False,False,True,False,False,False,False,False,False,False,True,False,False,False,False,False,0,0,0,0,1,0,1,0,0,0,0,0,0
82,3.0,False,False,False,False,False,False,False,False,False,False,True,False,False,False,False,False,False,False,False,False,False,True,False,False,False,False,0,0,0,0,1,0,0,1,0,0,1,1,0
83,18.0,False,False,False,False,False,False,False,False,False,False,False,False,False,False,False,False,False,True,False,False,False,False,False,False,True,False,0,0,0,1,0,0,0,0,1,0,0,0,0
84,23.0,False,False,False,False,False,False,False,True,False,False,False,False,False,False,False,False,False,False,False,True,False,False,False,False,False,False,0,0,0,0,0,1,0,0,0,0,0,0,0
85,26.0,False,False,False,False,False,False,False,True,False,False,False,False,False,False,False,False,False,False,False,True,False,False,False,False,False,False,0,0,0,0,0,1,0,0,0,0,0,1,0
86,23.0,False,False,False,False,False,False,False,True,False,False,False,False,False,False,False,False,False,False,False,False,True,False,False,False,False,False,0,0,0,0,0,1,0,0,1,0,0,0,0
87,24.0,False,False,False,False,False,False,False,False,True,False,False,False,False,False,False,False,False,False,False,False,True,False,False,False,False,False,0,0,0,0,0,1,0,0,0,0,0,0,0
88,26.0,False,False,False,False,False,False,False,True,False,False,False,False,False,False,False,False,False,False,False,True,False,False,False,False,False,False,0,0,0,0,0,1,0,0,1,0,0,0,0
89,24.0,False,False,False,False,False,False,False,True,False,False,False,False,False,False,False,False,False,False,False,True,False,False,False,False,False,False,0,0,0,0,0,1,0,0,0,0,0,0,0
90,23.0,False,False,False,False,False,False,False,True,False,False,False,False,False,False,False,False,False,False,False,False,True,False,False,False,False,False,0,0,0,0,0,1,0,0,0,0,0,0,0
91,0.25,False,False,False,False,False,False,False,True,False,False,False,False,False,False,False,False,False,False,False,False,False,True,False,False,False,False,0,0,0,0,0,1,0,0,0,0,0,0,0
92,11.0,False,False,False,False,False,False,False,True,False,False,False,False,False,False,False,False,False,False,False,False,False,True,False,False,False,False,0,0,0,0,0,1,0,0,0,0,0,0,0
93,7.0,False,False,False,False,False,False,False,True,False,False,False,False,False,False,False,False,False,False,False,False,True,False,False,False,False,False,0,0,0,0,0,1,0,0,0,0,0,0,0
94,4.0,False,False,False,False,False,False,False,True,False,False,False,False,False,False,False,False,False,False,False,False,False,True,False,False,False,False,0,0,0,0,0,1,0,0,0,0,0,0,0
95,19.0,False,False,False,False,False,False,False,True,False,False,False,False,False,False,False,False,False,False,False,True,False,False,False,False,False,False,0,0,0,0,0,1,0,0,1,0,0,0,0
96,5.0,False,False,False,False,False,False,False,True,False,False,False,False,False,False,False,False,False,False,False,False,True,False,False,False,False,False,0,0,0,0,0,1,0,0,0,0,0,0,0
97,3.0,False,False,False,False,False,False,False,True,False,False,False,False,False,False,False,False,False,False,False,False,False,True,False,False,False,False,0,0,0,0,0,1,0,0,0,0,0,0,0
98,6.0,False,False,False,False,False,False,False,True,False,False,False,False,False,False,False,False,False,False,False,False,True,False,False,False,False,False,0,0,0,0,0,1,0,0,1,0,0,0,0
99,0.25,False,False,False,False,False,False,False,True,False,False,False,False,False,False,False,False,False,False,False,False,False,False,True,False,False,False,0,0,0,0,0,1,0,0,0,0,0,0,0
100,4.0,False,False,False,False,False,False,False,True,False,False,False,False,False,False,False,False,False,False,False,False,False,True,False,False,False,False,0,0,0,0,0,1,0,0,1,0,0,0,0
101,9.0,False,False,False,False,False,False,False,True,False,False,False,False,False,False,False,False,False,False,False,False,True,False,False,False,False,False,0,0,0,0,0,1,0,0,0,0,0,0,0
102,17.0,False,False,False,False,False,False,False,True,False,False,False,False,False,False,False,False,False,False,False,True,False,False,False,False,False,False,0,0,0,0,0,1,0,0,0,0,0,0,0
103,8.0,False,False,False,False,False,False,False,True,False,False,False,False,False,False,False,False,False,False,False,False,True,False,False,False,False,False,0,0,0,0,0,1,0,0,0,0,0,0,0
104,0.13,False,False,False,False,False,False,False,True,False,False,False,False,False,False,False,False,False,False,False,False,False,False,True,False,False,False,0,0,0,0,0,1,0,0,0,0,0,0,0
105,16.0,False,False,False,False,False,False,False,True,False,False,False,False,False,False,False,False,False,False,False,False,True,False,False,False,False,False,0,0,0,0,0,1,0,0,0,0,0,0,0
106,7.0,False,False,False,False,False,False,False,True,False,False,False,False,False,False,False,False,False,False,False,False,False,True,False,False,False,False,0,0,0,0,0,1,0,0,0,0,0,0,0
107,1.0,False,False,False,False,False,False,False,True,False,False,False,False,False,False,False,False,False,False,False,False,False,True,False,False,False,False,0,0,0,0,0,1,0,0,0,0,0,0,0
108,21.0,False,False,False,False,False,False,False,True,False,False,False,False,False,False,False,False,False,False,False,True,False,False,False,False,False,False,0,0,0,0,0,1,0,0,0,0,0,0,0
109,15.0,False,False,False,False,False,False,False,True,False,False,False,False,False,False,False,False,False,False,False,False,False,True,False,False,False,False,0,0,0,0,0,1,0,0,1,0,0,0,0
110,13.0,False,False,False,False,False,False,False,True,False,False,False,False,False,False,False,False,False,False,False,False,True,False,False,False,False,False,0,0,0,0,0,1,0,0,1,0,0,0,0
111,1.0,False,False,False,False,False,False,False,True,False,False,False,False,False,False,False,False,False,False,False,False,False,False,False,False,True,False,0,0,0,0,0,1,0,0,0,0,0,0,0
112,2.0,False,False,False,False,False,False,False,True,False,False,False,False,False,False,False,False,False,False,False,False,False,True,False,False,False,False,0,0,0,0,0,1,0,0,0,0,0,0,0
113,18.0,False,False,False,False,False,False,False,True,False,False,False,False,False,False,False,False,False,False,False,True,False,False,False,False,False,False,0,0,0,0,0,1,0,0,1,0,0,0,0
114,13.0,False,False,False,False,False,False,False,True,False,False,False,False,False,False,False,False,False,False,False,False,True,False,False,False,False,False,0,0,0,0,0,1,0,0,0,0,0,1,0
115,10.0,False,False,False,False,False,False,False,True,False,False,False,False,False,False,False,False,False,False,False,False,False,True,False,False,False,False,0,0,0,0,0,1,0,0,0,0,0,0,0
116,0.25,False,False,False,False,False,False,False,False,False,False,True,False,False,False,False,False,False,False,False,False,False,False,True,False,False,False,0,0,0,0,1,0,0,1,0,0,1,0,0
117,3.0,False,False,False,False,False,False,False,False,False,False,True,False,False,False,False,False,False,False,False,False,False,False,True,False,False,False,0,0,0,0,1,0,0,1,0,0,1,0,0
118,7.0,False,False,False,False,False,False,False,True,False,False,False,False,False,False,False,False,False,False,False,False,False,True,False,False,False,False,0,0,0,0,0,1,0,0,1,0,0,0,0
119,17.0,False,False,False,False,False,False,False,True,False,False,False,False,False,False,False,False,False,False,False,False,False,True,False,False,False,False,0,0,0,0,0,1,0,0,1,0,0,0,0
120,19.0,False,False,False,False,False,False,False,True,False,False,False,False,False,False,False,False,False,False,False,False,False,True,False,False,False,False,0,0,0,0,0,1,0,0,1,0,0,0,0
121,6.0,False,False,False,False,False,False,False,True,False,False,False,False,False,False,False,False,False,False,False,False,False,True,False,False,False,False,0,0,0,0,0,1,0,0,1,0,0,0,0
122,18.0,False,False,False,False,False,False,False,True,False,False,False,False,False,False,False,False,False,False,False,False,False,True,False,False,False,False,0,0,0,0,0,1,0,0,1,0,0,0,0
123,19.0,False,False,False,False,False,False,False,True,False,False,False,False,False,False,False,False,False,False,False,False,True,False,False,False,False,False,0,0,0,0,0,1,0,0,0,0,0,0,0
124,22.0,False,False,False,False,False,False,False,True,False,False,False,False,False,False,False,False,False,False,False,True,False,False,False,False,False,False,0,0,0,0,0,1,0,0,1,0,0,0,0
125,21.0,False,False,False,False,False,False,False,True,False,False,False,False,False,False,False,False,False,False,False,False,True,False,False,False,False,False,0,0,0,0,0,1,0,0,1,0,0,0,0
126,21.0,False,False,False,False,False,False,False,True,False,False,False,False,False,False,False,False,False,False,False,False,True,False,False,False,False,False,0,0,0,0,0,1,0,0,0,0,0,0,0
127,16.0,False,False,False,False,False,False,False,True,False,False,False,False,False,False,False,False,False,False,False,False,False,True,False,False,False,False,0,0,0,0,0,1,0,0,1,0,0,0,0
128,26.0,False,False,False,False,False,False,False,True,False,False,False,False,False,False,False,False,False,False,False,False,True,False,False,False,False,False,0,0,0,0,0,1,0,0,1,0,0,0,0
129,5.0,False,False,False,False,False,False,False,True,False,False,False,False,False,False,False,False,False,False,False,False,False,True,False,False,False,False,0,0,0,0,0,1,0,0,0,0,0,0,0
130,9.0,False,False,False,False,False,False,False,True,False,False,False,False,False,False,False,False,False,False,False,False,True,False,False,False,False,False,0,0,0,0,0,1,0,0,1,0,0,0,0
131,8.0,False,False,False,False,False,False,False,True,False,False,False,False,False,False,False,False,False,False,False,False,False,True,False,False,False,False,0,0,0,0,0,1,0,0,0,0,0,0,0
132,12.0,False,False,False,False,False,False,False,True,False,False,False,False,False,False,False,False,False,False,False,False,False,True,False,False,False,False,0,0,0,0,0,1,0,0,1,0,0,0,0
133,16.0,False,False,False,True,False,False,False,False,False,False,False,False,False,False,False,False,False,False,False,True,False,False,False,False,False,False,0,0,0,1,0,0,0,0,0,0,1,0,0
134,11.0,False,False,False,False,False,False,False,True,False,False,False,False,False,False,False,False,False,False,False,False,True,False,False,False,False,False,0,0,0,0,0,1,0,0,1,0,0,0,0
135,14.0,False,False,False,False,False,False,False,True,False,False,False,False,False,False,False,False,False,False,False,False,True,False,False,False,False,False,0,0,0,0,0,1,0,0,0,0,0,0,0
136,1.0,False,False,False,False,False,False,False,True,False,False,False,False,False,False,False,False,False,False,False,False,False,False,False,False,True,False,0,0,0,0,0,1,0,0,1,0,0,0,0
137,0.0,False,False,False,False,False,False,False,True,False,False,False,False,False,False,False,False,False,False,False,False,False,True,False,False,False,False,0,0,0,0,0,1,0,0,0,0,0,0,0
138,13.0,False,False,False,False,False,False,False,True,False,False,False,False,False,False,False,False,False,False,False,False,False,True,False,False,False,False,0,0,0,0,0,1,0,0,0,0,0,0,0
139,0.5,False,False,False,False,False,False,False,True,False,False,False,False,False,False,False,False,False,False,False,False,False,True,False,False,False,False,0,0,0,0,0,1,0,0,0,0,0,0,0
140,10.0,False,False,False,False,False,False,False,True,False,False,False,False,False,False,False,False,False,False,False,False,True,False,False,False,False,False,0,0,0,0,0,1,0,0,0,0,0,0,0
141,20.0,False,False,False,False,False,False,False,True,False,False,False,False,False,False,False,False,False,False,False,False,True,False,False,False,False,False,0,0,0,0,0,1,0,0,1,0,0,0,0
142,2.0,False,False,False,False,False,False,False,True,False,False,False,False,False,False,False,False,False,False,False,False,False,False,True,False,False,False,0,0,0,0,0,1,0,0,1,0,0,0,0
143,13.0,False,False,False,False,False,False,False,True,False,False,False,False,False,False,False,False,False,False,False,False,True,False,False,False,False,False,0,0,0,0,0,1,0,0,0,0,0,0,0
144,3.0,False,True,False,False,False,False,False,False,False,False,False,False,False,False,False,False,False,False,False,True,False,False,False,False,False,False,0,0,0,0,1,0,0,1,0,0,0,0,0
145,5.0,False,True,False,False,False,False,False,False,False,False,False,False,False,False,False,False,False,False,True,False,False,False,False,False,False,False,0,0,0,0,1,0,0,1,0,0,0,0,0
146,1.0,False,True,False,False,False,False,False,False,False,False,False,False,False,False,False,False,False,False,False,False,False,True,False,False,False,False,0,0,0,0,1,0,0,1,0,0,0,0,0
147,0.25,False,True,False,False,False,False,False,False,False,False,False,False,False,False,False,False,False,False,False,False,False,True,False,False,False,False,0,0,0,0,1,0,0,1,0,0,0,1,0
148,2.0,False,True,False,False,False,False,False,False,False,False,False,False,False,False,False,False,False,False,False,False,True,False,False,False,False,False,0,0,0,0,1,0,0,1,0,0,0,1,0
149,0.25,False,True,False,False,False,False,False,False,False,False,False,False,False,False,False,False,False,False,False,False,False,True,False,False,False,False,0,0,0,0,1,0,0,1,1,0,0,0,0
150,2.0,False,True,False,False,False,False,False,False,False,False,False,False,False,False,False,False,False,False,False,True,False,False,False,False,False,False,0,0,0,0,1,0,0,1,1,0,0,0,0
151,4.0,False,True,False,False,False,False,False,False,False,False,False,False,False,False,False,False,False,False,False,True,False,False,False,False,False,False,0,0,0,0,1,0,0,1,0,0,0,0,0
152,5.0,False,True,False,False,False,False,False,False,False,False,False,False,False,False,False,False,False,False,False,True,False,False,False,False,False,False,0,0,0,0,1,0,0,1,0,0,0,0,0
153,8.0,False,True,False,False,False,False,False,False,False,False,False,False,False,False,False,False,False,False,False,True,False,False,False,False,False,False,0,0,0,0,1,0,0,1,0,0,0,0,0
154,0.25,False,True,False,False,False,False,False,False,False,False,False,False,False,False,False,False,False,False,False,False,False,False,False,False,True,False,0,0,0,0,1,0,0,1,0,0,0,0,0
155,3.0,False,False,False,False,False,False,False,False,False,False,False,False,True,False,False,False,False,False,False,False,True,False,False,False,False,False,0,0,0,0,1,0,1,0,0,0,0,0,0
156,0.0,False,False,False,False,False,False,False,False,False,False,False,False,False,False,False,False,False,True,False,False,False,False,False,True,False,False,0,0,0,1,0,0,0,0,0,0,0,0,0
157,14.0,False,False,False,False,True,False,False,False,False,False,False,False,False,False,False,False,False,False,False,True,False,False,False,False,False,False,0,0,0,0,0,0,1,0,1,0,0,1,0
158,21.0,False,False,False,False,True,False,False,False,False,False,False,False,False,False,False,False,False,False,True,False,False,False,False,False,False,False,0,0,0,0,0,0,1,0,1,0,0,1,0
159,2.0,False,False,False,False,True,False,False,False,False,False,False,False,False,False,False,False,False,False,False,False,False,True,False,False,False,False,0,0,0,0,0,0,1,0,1,0,0,1,0
160,7.0,False,False,False,False,True,False,False,False,False,False,False,False,False,False,False,False,False,False,False,False,True,False,False,False,False,False,0,0,0,0,0,0,1,0,1,0,0,1,0
161,16.0,False,False,False,False,True,False,False,False,False,False,False,False,False,False,False,False,False,False,False,True,False,False,False,False,False,False,0,0,0,0,0,0,1,0,1,1,0,0,0
162,23.0,False,False,False,False,True,False,False,False,False,False,False,False,False,False,False,False,False,False,True,False,False,False,False,False,False,False,0,0,0,0,0,0,1,0,1,1,0,0,0
163,3.0,False,False,False,False,True,False,False,False,False,False,False,False,False,False,False,False,False,False,False,False,False,True,False,False,False,False,0,0,0,0,0,0,1,0,1,1,0,0,0
164,9.0,False,False,False,False,True,False,False,False,False,False,False,False,False,False,False,False,False,False,False,False,True,False,False,False,False,False,0,0,0,0,0,0,1,0,1,1,0,0,0
165,15.0,False,False,False,False,True,False,False,False,False,False,False,False,False,False,False,False,False,False,False,True,False,False,False,False,False,False,0,0,0,0,0,0,1,0,1,0,0,1,0
166,22.0,False,False,False,False,True,False,False,False,False,False,False,False,False,False,False,False,False,False,True,False,False,False,False,False,False,False,0,0,0,0,0,0,1,0,1,0,0,1,0
167,8.0,False,False,False,False,True,False,False,False,False,False,False,False,False,False,False,False,False,False,False,False,True,False,False,False,False,False,0,0,0,0,0,0,1,0,1,0,0,1,0
168,17.0,False,False,False,False,True,False,False,False,False,False,False,False,False,False,False,False,False,False,False,True,False,False,False,False,False,False,0,0,0,0,0,0,1,0,1,0,0,0,0
169,24.0,False,False,False,False,True,False,False,False,False,False,False,False,False,False,False,False,False,False,True,False,False,False,False,False,False,False,0,0,0,0,0,0,1,0,1,0,0,0,0
170,4.0,False,False,False,False,True,False,False,False,False,False,False,False,False,False,False,False,False,False,False,False,False,True,False,False,False,False,0,0,0,0,0,0,1,0,1,0,0,0,0
171,10.0,False,False,False,False,True,False,False,False,False,False,False,False,False,False,False,False,False,False,False,False,True,False,False,False,False,False,0,0,0,0,0,0,1,0,1,0,0,0,0
172,13.0,False,False,False,False,True,False,False,False,False,False,False,False,False,False,False,False,False,False,False,True,False,False,False,False,False,False,0,0,0,0,0,0,1,0,1,1,0,1,0
173,20.0,False,False,False,False,True,False,False,False,False,False,False,False,False,False,False,False,False,False,True,False,False,False,False,False,False,False,0,0,0,0,0,0,1,0,1,1,0,1,0
174,2.0,False,False,False,False,True,False,False,False,False,False,False,False,False,False,False,False,False,False,False,False,False,True,False,False,False,False,0,0,0,0,0,0,1,0,1,1,0,1,0
175,6.0,False,False,False,False,True,False,False,False,False,False,False,False,False,False,False,False,False,False,False,False,True,False,False,False,False,False,0,0,0,0,0,0,1,0,1,1,0,1,0
176,13.0,False,False,False,False,True,False,False,False,False,False,False,False,False,False,False,False,False,False,False,True,False,False,False,False,False,False,0,0,0,0,0,0,1,0,1,1,0,0,0
177,20.0,False,False,False,False,True,False,False,False,False,False,False,False,False,False,False,False,False,False,True,False,False,False,False,False,False,False,0,0,0,0,0,0,1,0,1,1,0,0,0
178,1.0,False,False,False,False,True,False,False,False,False,False,False,False,False,False,False,False,False,False,False,False,False,True,False,False,False,False,0,0,0,0,0,0,1,0,1,1,0,0,0
179,6.0,False,False,False,False,True,False,False,False,False,False,False,False,False,False,False,False,False,False,False,False,True,False,False,False,False,False,0,0,0,0,0,0,1,0,1,1,0,0,0
180,14.0,False,False,False,False,True,False,False,False,False,False,False,False,False,False,False,False,False,False,False,True,False,False,False,False,False,False,0,0,0,0,0,0,1,0,1,0,0,0,0
181,21.0,False,False,False,False,True,False,False,False,False,False,False,False,False,False,False,False,False,False,True,False,False,False,False,False,False,False,0,0,0,0,0,0,1,0,1,0,0,0,0
182,1.0,False,False,False,False,True,False,False,False,False,False,False,False,False,False,False,False,False,False,False,False,False,True,False,False,False,False,0,0,0,0,0,0,1,0,1,0,0,0,0
183,7.0,False,False,False,False,True,False,False,False,False,False,False,False,False,False,False,False,False,False,False,False,True,False,False,False,False,False,0,0,0,0,0,0,1,0,1,0,0,0,0
184,17.0,False,False,False,False,True,False,False,False,False,False,False,False,False,False,False,False,False,False,False,True,False,False,False,False,False,False,0,0,0,0,0,0,1,0,1,0,0,1,0
185,24.0,False,False,False,False,True,False,False,False,False,False,False,False,False,False,False,False,False,False,True,False,False,False,False,False,False,False,0,0,0,0,0,0,1,0,1,0,0,1,0
186,3.0,False,False,False,False,True,False,False,False,False,False,False,False,False,False,False,False,False,False,False,False,False,True,False,False,False,False,0,0,0,0,0,0,1,0,1,0,0,1,0
187,10.0,False,False,False,False,True,False,False,False,False,False,False,False,False,False,False,False,False,False,False,False,True,False,False,False,False,False,0,0,0,0,0,0,1,0,1,0,0,1,0
188,16.0,False,False,False,False,True,False,False,False,False,False,False,False,False,False,False,False,False,False,False,True,False,False,False,False,False,False,0,0,0,0,0,0,1,0,1,0,0,0,0
189,23.0,False,False,False,False,True,False,False,False,False,False,False,False,False,False,False,False,False,False,True,False,False,False,False,False,False,False,0,0,0,0,0,0,1,0,1,0,0,0,0
190,2.0,False,False,False,False,True,False,False,False,False,False,False,False,False,False,False,False,False,False,False,False,False,True,False,False,False,False,0,0,0,0,0,0,1,0,1,0,0,0,0
191,9.0,False,False,False,False,True,False,False,False,False,False,False,False,False,False,False,False,False,False,False,False,True,False,False,False,False,False,0,0,0,0,0,0,1,0,1,0,0,0,0
192,17.0,False,False,False,False,True,False,False,False,False,False,False,False,False,False,False,False,False,False,True,False,False,False,False,False,False,False,0,0,0,0,0,0,1,0,1,0,0,1,0
193,1.0,False,False,False,False,False,False,False,False,False,False,True,False,False,False,False,False,False,False,False,False,False,True,False,False,False,False,0,0,0,0,0,0,1,0,1,0,0,0,0
194,5.0,False,False,False,False,False,False,False,False,False,False,True,False,False,False,False,False,False,False,False,False,False,True,False,False,False,False,0,0,0,0,0,0,1,0,1,0,0,0,0
195,7.0,False,False,False,False,False,False,False,False,False,False,True,False,False,False,False,False,False,False,False,False,False,True,False,False,False,False,0,0,0,0,0,0,1,0,1,0,0,0,0
196,2.0,False,False,False,False,False,False,False,False,False,False,True,False,False,False,False,False,False,False,False,False,False,True,False,False,False,False,0,0,0,0,0,0,1,0,1,0,0,0,0
197,1.0,False,False,False,False,False,False,False,False,False,False,False,False,False,False,False,False,False,True,False,False,False,True,False,False,False,False,0,0,0,1,0,0,0,0,0,0,0,0,0
198,6.0,False,False,False,False,False,False,False,False,False,False,False,False,True,False,False,False,False,False,False,False,True,False,False,False,False,False,0,0,0,0,1,0,1,0,0,0,0,0,0
199,13.0,False,False,False,False,False,False,False,False,False,False,True,False,False,False,False,False,False,False,False,False,False,True,False,False,False,False,0,0,0,0,1,0,0,1,0,0,1,0,0
200,5.0,False,False,False,False,False,False,False,False,False,False,True,False,False,False,False,False,False,False,False,False,False,True,False,False,False,False,0,0,0,0,1,0,0,1,0,0,1,0,0
201,18.0,False,False,False,False,False,False,False,False,False,False,True,False,False,False,False,False,False,False,False,False,False,True,False,False,False,False,0,0,0,0,1,0,0,1,0,0,1,0,0
202,9.0,False,False,False,False,False,False,False,False,False,False,True,False,False,False,False,False,False,False,False,False,False,True,False,False,False,False,0,0,0,0,1,0,0,1,0,0,1,0,0
203,14.0,False,False,False,False,False,False,False,False,False,False,True,False,False,False,False,False,False,False,False,False,False,True,False,False,False,False,0,0,0,0,1,0,0,1,0,0,1,0,0
204,7.0,False,False,False,False,False,False,False,False,False,False,True,False,False,False,False,False,False,False,False,False,False,True,False,False,False,False,0,0,0,0,1,0,0,1,0,0,1,0,0
205,20.0,False,False,False,False,False,False,False,False,False,False,True,False,False,False,False,False,False,False,False,False,False,True,False,False,False,False,0,0,0,0,1,0,0,1,0,0,1,0,0
206,8.0,False,False,False,False,False,False,False,False,False,False,True,False,False,False,False,False,False,False,False,False,False,True,False,False,False,False,0,0,0,0,1,0,0,1,0,0,1,0,0
207,11.0,False,False,False,False,False,False,False,False,False,False,True,False,False,False,False,False,False,False,False,False,False,True,False,False,False,False,0,0,0,0,1,0,0,1,0,0,1,0,0
208,1.0,False,False,False,False,False,False,True,False,False,False,False,False,False,False,False,False,False,False,False,False,False,True,False,False,False,False,0,0,0,0,1,0,0,1,0,0,0,0,0
209,12.0,False,False,False,False,False,False,False,False,False,False,True,False,False,False,False,False,False,False,False,False,False,True,False,False,False,False,0,0,0,0,1,0,0,1,0,0,1,0,0
210,3.0,False,False,False,True,False,False,False,False,False,False,False,False,False,False,False,False,False,False,False,False,False,True,False,False,False,False,0,0,0,1,0,0,0,0,0,0,1,0,0
211,6.0,False,False,False,False,False,False,False,False,False,False,True,False,False,False,False,False,False,False,False,False,False,True,False,False,False,False,0,0,0,0,1,0,0,1,0,0,1,0,0
212,1.0,False,False,False,False,False,False,False,False,False,False,False,False,True,False,False,False,False,False,False,False,True,False,False,False,False,False,0,0,0,0,1,0,1,0,1,0,0,0,0
213,12.0,False,False,False,False,False,False,False,False,False,False,False,False,False,False,False,False,False,True,False,False,False,True,False,False,False,False,0,0,0,1,0,0,0,0,1,0,0,0,0
214,12.0,False,False,False,True,False,False,False,False,False,False,False,False,False,False,False,False,False,False,False,False,True,False,False,False,False,False,0,0,0,1,0,0,0,0,0,0,1,0,0
215,10.0,False,False,False,False,False,False,True,False,False,False,False,False,False,False,False,False,False,False,False,False,False,True,False,False,False,False,0,0,0,0,1,0,0,1,0,0,0,0,0
216,23.0,False,False,False,False,False,True,False,False,False,False,False,False,False,False,False,False,False,False,True,False,False,False,False,False,False,False,0,1,0,0,0,0,0,0,1,0,0,0,0
217,20.0,False,False,False,False,False,True,False,False,False,False,False,False,False,False,False,False,False,False,True,False,False,False,False,False,False,False,0,1,0,0,0,0,0,0,0,0,0,1,0
218,16.0,False,False,False,False,False,True,False,False,False,False,False,False,False,False,False,False,False,False,True,False,False,False,False,False,False,False,0,1,0,0,0,0,0,0,1,0,0,0,0
219,22.0,False,False,False,False,False,True,False,False,False,False,False,False,False,False,False,False,False,False,True,False,False,False,False,False,False,False,0,1,0,0,0,0,0,0,0,0,0,1,0
220,7.0,False,False,False,False,False,True,False,False,False,False,False,False,False,False,False,False,False,False,False,False,False,True,False,False,False,False,0,1,0,0,0,0,0,0,1,0,0,0,0
221,7.0,False,False,False,False,False,True,False,False,False,False,False,False,False,False,False,False,False,False,False,False,False,True,False,False,False,False,0,1,0,0,0,0,0,0,0,0,0,0,0
222,7.0,False,False,False,False,False,True,False,False,False,False,False,False,False,False,False,False,False,False,False,False,False,True,False,False,False,False,0,0,0,0,0,0,0,0,0,0,0,1,0
223,5.0,False,False,False,False,False,True,False,False,False,False,False,False,False,False,False,False,False,False,False,False,True,False,False,False,False,False,0,1,0,0,0,0,0,0,1,0,0,0,0
224,5.0,False,False,False,False,False,True,False,False,False,False,False,False,False,False,False,False,False,False,False,False,True,False,False,False,False,False,0,1,0,0,0,0,0,0,0,1,0,0,0
225,5.0,False,False,False,False,False,True,False,False,False,False,False,False,False,False,False,False,False,False,False,False,True,False,False,False,False,False,0,1,0,0,0,0,0,0,0,0,0,0,0
226,5.0,False,False,False,False,False,True,False,False,False,False,False,False,False,False,False,False,False,False,False,False,True,False,False,False,False,False,0,0,0,0,0,0,0,0,0,0,0,1,0
227,23.0,False,False,True,False,False,False,False,False,False,False,False,False,False,False,False,False,False,False,False,True,False,False,False,False,False,False,0,0,0,0,0,0,0,1,1,0,0,1,0
228,2.0,False,False,False,False,False,False,False,False,False,False,False,False,True,False,False,False,False,False,False,False,False,True,False,False,False,False,0,0,0,0,1,0,1,0,0,0,0,0,0
229,4.0,False,False,False,False,False,False,False,False,False,True,False,False,False,False,False,False,False,False,False,False,True,False,False,False,False,False,0,0,0,0,1,0,0,1,0,0,0,0,0
230,1.0,False,False,False,False,True,False,False,False,False,False,False,False,False,False,False,False,False,False,False,False,False,False,False,False,True,False,0,0,0,0,0,0,1,0,1,0,0,0,0
231,3.0,False,False,False,False,False,True,False,False,False,False,False,False,False,False,False,False,False,False,False,False,True,False,False,False,False,False,0,1,0,0,0,0,0,0,0,0,0,0,0
232,4.0,False,False,False,False,False,False,False,False,False,False,False,False,False,False,False,False,False,True,False,False,False,False,False,False,True,False,0,0,0,1,0,0,0,0,1,0,0,0,0
233,0.13,True,False,False,False,False,False,False,False,False,False,False,False,False,False,False,False,False,False,False,False,False,False,True,False,False,False,0,0,0,1,0,0,0,0,1,1,0,0,0
234,0.0,False,True,False,False,False,False,False,False,False,False,False,False,False,False,False,False,False,False,False,False,False,False,True,False,False,False,0,0,0,0,1,0,0,1,1,0,0,0,0
235,8.0,False,False,False,False,False,False,False,False,False,True,False,False,False,False,False,False,False,False,False,True,False,False,False,False,False,False,0,0,0,0,1,0,0,1,0,0,0,0,0
236,10.0,False,False,False,False,False,False,False,False,False,False,False,False,True,False,False,False,False,False,False,True,False,False,False,False,False,False,0,0,0,0,1,0,1,0,0,0,0,1,0
237,0.5,False,False,False,False,False,False,False,False,False,False,False,False,False,False,False,True,False,False,False,False,True,False,False,False,False,False,0,0,0,0,1,0,0,0,1,0,0,0,0
238,0.0,False,False,False,False,False,False,False,False,False,False,False,False,False,False,False,True,False,False,False,False,False,True,False,False,False,False,0,0,0,0,1,0,0,0,0,0,0,0,0
239,6.0,False,False,False,False,False,True,False,False,False,False,False,False,False,False,False,False,False,False,False,False,False,True,False,False,False,False,0,1,0,0,0,0,0,0,0,0,0,0,0
240,2.0,False,False,False,False,False,True,False,False,False,False,False,False,False,False,False,False,False,False,False,False,False,True,False,False,False,False,0,1,0,0,0,0,0,0,1,0,0,0,0
241,10.0,False,False,False,False,False,True,False,False,False,False,False,False,False,False,False,False,False,False,False,False,True,False,False,False,False,False,0,1,0,0,0,0,0,0,1,0,0,0,0
242,11.0,False,False,False,False,False,True,False,False,False,False,False,False,False,False,False,False,False,False,False,False,True,False,False,False,False,False,0,1,0,0,0,0,0,0,1,1,0,0,0
243,11.0,False,False,False,False,False,True,False,False,False,False,False,False,False,False,False,False,False,False,False,False,True,False,False,False,False,False,0,1,0,0,0,0,0,0,1,0,0,0,0
244,11.0,False,False,False,False,False,True,False,False,False,False,False,False,False,False,False,False,False,False,False,False,True,False,False,False,False,False,0,1,0,0,0,0,0,0,1,0,0,1,0
245,0.25,False,False,False,False,False,True,False,False,False,False,False,False,False,False,False,False,False,False,False,False,False,False,True,False,False,False,0,1,0,0,0,0,0,0,0,0,0,0,0
246,2.0,False,False,False,False,False,False,False,False,False,False,False,False,False,False,False,False,False,True,False,False,False,True,False,False,False,False,0,0,0,1,0,0,0,0,0,0,0,0,0
247,0.0,False,True,False,False,False,False,False,False,False,False,False,False,False,False,False,False,False,False,False,False,True,False,False,False,False,False,0,0,0,0,1,0,0,1,1,0,0,0,0
248,3.0,False,True,False,False,False,False,False,False,False,False,False,False,False,False,False,False,False,False,False,False,True,False,False,False,False,False,0,0,0,0,1,0,0,1,0,0,0,1,0
249,1.0,False,False,False,False,False,False,False,False,False,False,False,False,True,False,False,False,False,False,False,False,True,False,False,False,False,False,0,0,0,0,1,0,1,0,0,0,0,0,0
250,4.0,False,True,False,False,False,False,False,False,False,False,False,False,False,False,False,False,False,False,False,True,False,False,False,False,False,False,0,0,0,0,1,0,0,1,0,0,0,1,0
251,9.0,False,False,False,False,False,False,False,False,False,True,False,False,False,False,False,False,False,False,False,True,False,False,False,False,False,False,0,0,0,0,1,0,0,1,0,0,0,0,0
252,11.0,False,False,False,False,False,False,False,False,False,True,False,False,False,False,False,False,False,False,False,True,False,False,False,False,False,False,0,0,0,0,1,0,0,1,0,0,0,0,0
253,14.0,False,False,False,False,False,False,False,False,False,True,False,False,False,False,False,False,False,False,False,True,False,False,False,False,False,False,0,0,0,0,1,0,0,1,0,0,0,0,0
254,12.0,False,False,False,False,False,False,False,False,False,True,False,False,False,False,False,False,False,False,False,True,False,False,False,False,False,False,0,0,0,0,1,0,0,1,0,0,0,0,0
255,5.0,False,False,False,False,False,False,False,False,False,True,False,False,False,False,False,False,False,False,False,True,False,False,False,False,False,False,0,0,0,0,1,0,0,1,0,0,0,0,0
256,7.0,False,False,False,False,False,False,False,False,False,True,False,False,False,False,False,False,False,False,False,True,False,False,False,False,False,False,0,0,0,0,1,0,0,1,0,0,0,0,0
257,10.0,False,False,False,False,False,False,False,False,False,True,False,False,False,False,False,False,False,False,False,True,False,False,False,False,False,False,0,0,0,0,1,0,0,1,0,0,0,0,0
258,13.0,False,False,False,False,False,False,False,False,False,True,False,False,False,False,False,False,False,False,False,True,False,False,False,False,False,False,0,0,0,0,1,0,0,1,0,0,0,1,0
259,16.0,False,False,False,False,False,False,False,False,False,True,False,False,False,False,False,False,False,False,False,True,False,False,False,False,False,False,0,0,0,0,1,0,0,1,1,0,0,1,0
260,2.0,True,False,False,False,False,False,False,False,False,False,False,False,False,False,False,False,False,False,False,False,False,True,False,False,False,False,0,0,0,1,0,0,0,0,0,1,0,1,0
261,10.0,False,False,False,False,False,False,False,False,False,False,True,False,False,False,False,False,False,False,False,False,False,True,False,False,False,False,0,0,0,0,1,0,0,1,0,0,1,0,0
262,16.0,False,False,False,False,False,False,False,False,False,False,True,False,False,False,False,False,False,False,False,False,False,True,False,False,False,False,0,0,0,0,1,0,0,1,0,0,1,0,0
263,0.25,False,False,False,False,False,False,False,False,False,False,False,False,False,False,False,False,False,True,False,False,False,True,False,False,False,False,0,0,0,1,0,0,0,0,0,0,0,0,0
264,0.5,False,False,False,False,False,False,False,False,False,False,True,False,False,False,False,False,False,False,False,False,False,False,True,False,False,False,0,0,0,0,1,0,0,1,0,0,1,0,0
265,1.0,False,False,False,False,False,False,False,False,False,False,True,False,False,False,False,False,False,False,False,False,False,False,True,False,False,False,0,0,0,0,1,0,0,1,0,0,1,0,0
266,9.0,False,False,False,True,False,False,False,False,False,False,False,False,False,False,False,False,False,False,False,False,True,False,False,False,False,False,0,0,0,1,0,0,0,0,0,0,1,0,0
267,16.0,False,False,False,True,False,False,False,False,False,False,False,False,False,False,False,False,False,False,False,False,True,False,False,False,False,False,0,0,0,1,0,0,0,0,0,0,1,0,0
268,10.0,False,False,False,True,False,False,False,False,False,False,False,False,False,False,False,False,False,False,False,False,True,False,False,False,False,False,0,0,0,1,0,0,0,0,0,0,1,0,0
269,12.0,False,False,False,False,False,False,False,False,False,False,False,False,True,False,False,False,False,False,False,False,True,False,False,False,False,False,0,0,0,0,1,0,1,0,0,0,0,0,0
270,7.0,False,False,False,False,False,False,False,False,False,False,False,False,True,False,False,False,False,False,False,False,False,True,False,False,False,False,0,0,0,0,1,0,1,0,0,0,0,0,0
271,2.0,False,False,False,False,False,False,False,False,False,False,False,False,True,False,False,False,False,False,False,False,True,False,False,False,False,False,0,0,0,0,1,0,1,0,1,0,0,0,0
272,2.0,False,False,False,False,False,False,False,False,False,False,True,False,False,False,False,False,False,False,False,False,False,False,True,False,False,False,0,0,0,0,1,0,0,1,0,0,1,0,0
273,6.0,False,False,False,False,False,False,True,False,False,False,False,False,False,False,False,False,False,False,False,False,True,False,False,False,False,False,0,0,0,0,1,0,0,1,0,0,0,0,0
274,7.0,False,False,False,False,False,False,True,False,False,False,False,False,False,False,False,False,False,False,False,False,False,True,False,False,False,False,0,0,0,0,1,0,0,1,0,0,0,0,0
275,3.0,False,False,False,False,False,False,True,False,False,False,False,False,False,False,False,False,False,False,False,False,False,True,False,False,False,False,0,0,0,0,1,0,0,1,0,0,0,0,0
276,2.0,False,False,False,False,False,False,True,False,False,False,False,False,False,False,False,False,False,False,False,False,False,True,False,False,False,False,0,0,0,0,0,0,0,0,0,0,0,1,0
277,0.0,False,False,False,False,False,False,False,False,False,False,False,False,False,False,False,False,True,False,False,False,False,False,False,True,False,False,0,0,0,0,0,0,1,0,1,0,0,0,0
278,1.0,False,False,False,False,False,False,False,False,False,False,False,False,True,False,False,False,False,False,False,False,False,True,False,False,False,False,0,0,0,0,1,0,1,0,1,0,0,0,0
279,4.0,False,False,False,True,False,False,False,False,False,False,False,False,False,False,False,False,False,False,False,False,False,True,False,False,False,False,0,0,0,1,0,0,0,0,1,0,1,0,0
280,0.0,False,False,False,True,False,False,False,False,False,False,False,False,False,False,False,False,False,False,False,False,False,False,False,False,True,False,0,0,0,1,0,0,0,0,1,0,1,0,0
281,0.13,False,False,False,False,False,False,False,False,False,False,True,False,False,False,False,False,False,False,False,False,False,True,False,False,False,False,0,0,0,0,1,0,0,1,0,0,1,0,0
282,5.0,False,True,False,False,False,False,False,False,False,False,False,False,False,False,False,False,False,False,False,True,False,False,False,False,False,False,0,0,0,0,1,0,0,1,0,0,0,1,0
283,8.0,False,False,False,False,False,False,False,False,False,False,False,False,True,False,False,False,False,False,False,True,False,False,False,False,False,False,0,0,0,0,1,0,1,0,0,0,0,1,0
284,25.0,False,False,False,True,False,False,False,False,False,False,False,False,False,False,False,False,False,False,False,False,True,False,False,False,False,False,0,0,0,1,0,0,0,0,1,0,1,0,0
285,2.0,True,False,False,False,False,False,False,False,False,False,False,False,False,False,False,False,False,False,False,False,False,False,False,False,True,False,0,0,0,1,0,0,0,0,0,1,0,0,0
286,6.0,False,False,False,False,False,True,False,False,False,False,False,False,False,False,False,False,False,False,False,False,False,True,False,False,False,False,0,1,0,0,0,0,0,0,1,0,0,0,0
287,0.25,True,False,False,False,False,False,False,False,False,False,False,False,False,False,False,False,False,False,False,False,False,False,True,False,False,False,0,0,0,1,0,0,0,0,0,1,0,1,0
288,0.5,False,True,False,False,False,False,False,False,False,False,False,False,False,False,False,False,False,False,False,False,True,False,False,False,False,False,0,0,0,0,1,0,0,1,0,0,0,0,0
289,3.0,False,False,False,False,False,False,False,False,False,False,False,False,True,False,False,False,False,False,False,False,True,False,False,False,False,False,0,0,0,0,1,0,1,0,0,0,0,1,0
290,4.0,False,False,False,False,False,False,False,False,False,False,False,False,False,False,False,True,False,False,False,False,False,True,False,False,False,False,0,0,0,0,1,0,0,0,0,0,0,1,0
291,12.0,False,False,True,False,False,False,False,False,False,False,False,False,False,False,False,False,False,False,False,True,False,False,False,False,False,False,0,0,0,0,0,0,0,1,1,0,0,0,0
292,0.13,False,False,False,False,False,False,False,False,False,False,True,False,False,False,False,False,False,False,False,False,False,False,True,False,False,False,0,0,0,0,1,0,0,1,0,0,1,0,0
293,1.0,False,False,False,False,False,False,False,False,False,False,True,False,False,False,False,False,False,False,False,False,False,False,True,False,False,False,0,0,0,0,0,0,1,0,1,0,0,0,0
294,0.25,False,False,False,False,False,False,False,False,False,False,True,False,False,False,False,False,False,False,False,False,False,False,True,False,False,False,0,0,0,0,1,0,0,1,1,0,1,0,0
295,7.0,False,False,False,False,False,False,True,False,False,False,False,False,False,False,False,False,False,False,False,False,False,False,True,False,False,False,0,0,0,0,1,0,0,1,0,1,0,0,0
296,23.0,False,False,False,False,False,False,False,False,False,False,False,False,True,False,False,False,False,False,True,False,False,False,False,False,False,False,0,0,0,0,0,0,0,0,0,0,0,1,0
297,10.0,False,False,False,False,False,False,False,False,False,False,False,False,True,False,False,False,False,False,False,True,False,False,False,False,False,False,0,0,0,0,0,0,0,0,0,0,0,1,0
298,2.0,False,False,False,False,False,False,False,False,False,False,False,False,True,False,False,False,False,False,False,False,False,True,False,False,False,False,0,0,0,0,1,0,1,0,0,1,0,0,0
299,0.13,False,False,False,False,False,False,False,False,False,False,False,False,True,False,False,False,False,False,False,False,False,False,True,False,False,False,0,0,0,0,1,0,1,0,0,1,0,0,0
300,6.0,False,False,False,False,False,False,False,False,False,False,True,False,False,False,False,False,False,False,False,False,False,True,False,False,False,False,0,0,0,0,1,0,0,1,0,0,1,1,0
301,1.0,False,False,False,False,False,False,False,False,False,False,True,False,False,False,False,False,False,False,False,False,False,True,False,False,False,False,0,0,0,0,1,0,0,1,0,0,1,1,0
302,21.0,False,False,False,False,False,False,False,False,False,False,False,False,False,False,False,False,False,True,False,False,False,True,False,False,False,False,0,0,0,1,0,0,0,0,0,0,0,0,0
303,4.0,False,False,False,False,False,False,False,False,False,False,True,False,False,False,False,False,False,False,False,False,False,True,False,False,False,False,0,0,0,0,1,0,0,1,0,0,1,1,0
304,0.5,False,False,False,False,False,False,False,False,False,False,True,False,False,False,False,False,False,False,False,False,False,True,False,False,False,False,0,0,0,0,1,0,0,1,0,0,1,1,0
305,2.0,False,False,False,False,False,False,False,False,False,False,True,False,False,False,False,False,False,False,False,False,False,True,False,False,False,False,0,0,0,0,1,0,0,1,0,0,1,1,0
306,2.0,False,False,False,False,False,False,False,False,False,False,False,True,False,False,False,False,False,False,False,False,False,True,False,False,False,False,0,0,0,0,1,0,0,1,0,0,1,0,0
307,0.5,False,False,False,False,False,True,False,False,False,False,False,False,False,False,False,False,False,False,False,False,False,False,True,False,False,False,0,1,0,0,0,0,0,0,0,0,0,0,0
308,3.0,False,False,False,False,False,False,False,False,False,False,False,False,True,False,False,False,False,False,False,False,True,False,False,False,False,False,0,0,0,0,1,0,1,0,1,0,0,0,0
309,1.0,False,False,False,False,False,False,False,False,False,False,False,False,False,False,False,True,False,False,False,False,True,False,False,False,False,False,0,0,0,0,1,0,0,0,0,0,0,0,0
310,6.0,False,False,False,False,False,False,False,False,False,False,False,False,True,False,False,False,False,False,False,False,False,True,False,False,False,False,0,0,0,0,1,0,1,0,0,0,0,0,0
311,2.0,False,False,False,False,False,False,True,False,False,False,False,False,False,False,False,False,False,False,False,False,False,False,True,False,False,False,0,0,0,0,1,0,0,1,0,0,0,0,0
312,0.5,False,False,False,False,False,True,False,False,False,False,False,False,False,False,False,False,False,False,False,False,False,False,True,False,False,False,0,1,0,0,0,0,0,0,1,0,0,0,0
313,0.25,False,False,False,False,False,True,False,False,False,False,False,False,False,False,False,False,False,False,False,False,False,False,True,False,False,False,0,1,0,0,0,0,0,0,1,0,0,1,0
314,0.25,False,False,False,False,False,True,False,False,False,False,False,False,False,False,False,False,False,False,False,False,False,False,True,False,False,False,0,1,0,0,0,0,0,0,1,0,0,0,0
315,0.13,False,False,False,False,False,False,False,False,False,False,True,False,False,False,False,False,False,False,False,False,False,True,False,False,False,False,0,0,0,0,0,0,0,0,0,0,0,1,0
316,2.0,False,False,False,False,False,False,False,False,False,False,False,False,True,False,False,False,False,False,False,False,True,False,False,False,False,False,0,0,0,0,1,0,1,0,0,0,0,1,0
317,7.0,True,False,False,False,False,False,False,False,False,False,False,False,False,False,False,False,False,False,False,False,False,True,False,False,False,False,0,0,0,1,0,0,0,0,0,1,0,0,0
318,22.0,False,False,False,False,False,False,False,False,False,False,False,False,False,False,False,False,False,True,False,False,False,True,False,False,False,False,0,0,0,1,0,0,0,0,0,0,0,0,0
319,10.0,False,False,False,False,False,False,False,False,False,False,False,False,False,False,False,False,False,True,False,False,False,True,False,False,False,False,0,0,0,1,0,0,0,0,0,0,0,0,0
320,14.0,True,False,False,False,False,False,False,False,False,False,False,False,False,False,False,False,False,False,False,False,True,False,False,False,False,False,0,0,0,1,0,0,0,0,0,1,0,1,0
321,9.0,True,False,False,False,False,False,False,False,False,False,False,False,False,False,False,False,False,False,False,False,True,False,False,False,False,False,0,0,0,1,0,0,0,0,0,1,0,0,0
322,5.0,True,False,False,False,False,False,False,False,False,False,False,False,False,False,False,False,False,False,False,False,True,False,False,False,False,False,0,0,0,1,0,0,0,0,1,1,0,0,0
323,0.0,False,False,False,False,False,False,False,False,False,False,False,False,False,False,False,True,False,False,False,False,False,False,True,False,False,False,0,0,0,0,1,0,0,0,0,0,0,0,0
324,0.0,False,True,False,False,False,False,False,False,False,False,False,False,False,False,False,False,False,False,False,False,False,False,False,False,True,False,0,0,0,0,1,0,0,1,0,1,0,0,0
325,0.0,False,True,False,False,False,False,False,False,False,False,False,False,False,False,False,False,False,False,False,False,False,False,False,False,True,False,0,0,0,0,1,0,0,1,1,0,0,0,0
326,0.25,False,False,False,False,False,False,True,False,False,False,False,False,False,False,False,False,False,False,False,False,False,True,False,False,False,False,0,0,0,0,1,0,0,1,0,0,0,0,0
327,0.13,False,True,False,False,False,False,False,False,False,False,False,False,False,False,False,False,False,False,False,False,False,False,True,False,False,False,0,0,0,0,1,0,0,1,1,0,0,0,0
328,0.25,False,True,False,False,False,False,False,False,False,False,False,False,False,False,False,False,False,False,False,False,False,True,False,False,False,False,0,0,0,0,1,0,0,1,0,0,0,0,0
329,0.13,False,True,False,False,False,False,False,False,False,False,False,False,False,False,False,False,False,False,False,False,True,False,False,False,False,False,0,0,0,0,1,0,0,1,0,0,0,0,0
330,0.25,False,True,False,False,False,False,False,False,False,False,False,False,False,False,False,False,False,False,False,False,True,False,False,False,False,False,0,0,0,0,1,0,0,1,0,0,0,1,0
331,0.0,False,True,False,False,False,False,False,False,False,False,False,False,False,False,False,False,False,False,False,False,False,False,False,False,True,False,0,0,0,0,1,0,0,1,0,0,0,1,0
332,0.5,False,True,False,False,False,False,False,False,False,False,False,False,False,False,False,False,False,False,False,False,True,False,False,False,False,False,0,0,0,0,1,0,0,1,0,0,0,1,0
333,1.0,False,False,False,False,False,False,False,False,False,False,False,False,True,False,False,False,False,False,False,False,False,True,False,False,False,False,0,0,0,0,1,0,1,0,0,0,0,0,0
334,0.0,False,True,False,False,False,False,False,False,False,False,False,False,False,False,False,False,False,False,False,False,False,True,False,False,False,False,0,0,0,0,1,0,0,1,0,0,0,0,0
335,0.13,False,True,False,False,False,False,False,False,False,False,False,False,False,False,False,False,False,False,False,False,False,False,False,False,True,False,0,0,0,0,1,0,0,1,1,0,0,1,0
336,7.0,False,True,False,False,False,False,False,False,False,False,False,False,False,False,False,False,False,False,False,True,False,False,False,False,False,False,0,0,0,0,1,0,0,1,0,0,0,0,0
337,0.25,False,True,False,False,False,False,False,False,False,False,False,False,False,False,False,False,False,False,False,False,False,True,False,False,False,False,0,0,0,0,1,0,0,1,0,1,0,0,0
338,0.25,False,True,False,False,False,False,False,False,False,False,False,False,False,False,False,False,False,False,False,False,True,False,False,False,False,False,0,0,0,0,1,0,0,1,1,0,0,0,0
339,0.25,False,True,False,False,False,False,False,False,False,False,False,False,False,False,False,False,False,False,False,False,False,False,True,False,False,False,0,0,0,0,1,0,0,1,0,0,0,0,0
340,2.0,False,True,False,False,False,False,False,False,False,False,False,False,False,False,False,False,False,False,False,True,False,False,False,False,False,False,0,0,0,0,1,0,0,1,0,0,0,1,0
341,1.0,False,True,False,False,False,False,False,False,False,False,False,False,False,False,False,False,False,False,False,False,True,False,False,False,False,False,0,0,0,0,1,0,0,1,1,0,0,0,0
342,2.0,False,True,False,False,False,False,False,False,False,False,False,False,False,False,False,False,False,False,False,True,False,False,False,False,False,False,0,0,0,0,1,0,0,1,0,0,0,0,0
343,1.0,False,True,False,False,False,False,False,False,False,False,False,False,False,False,False,False,False,False,False,False,True,False,False,False,False,False,0,0,0,0,1,0,0,1,0,0,0,1,0
344,0.13,False,True,False,False,False,False,False,False,False,False,False,False,False,False,False,False,False,False,False,False,False,False,True,False,False,False,0,0,0,0,1,0,0,1,0,0,0,0,0
345,3.0,False,True,False,False,False,False,False,False,False,False,False,False,False,False,False,False,False,False,False,False,True,False,False,False,False,False,0,0,0,0,1,0,0,1,0,0,0,0,0
346,0.5,False,True,False,False,False,False,False,False,False,False,False,False,False,False,False,False,False,False,False,False,True,False,False,False,False,False,0,0,0,0,0,0,0,0,0,0,0,1,0
347,5.0,False,True,False,False,False,False,False,False,False,False,False,False,False,False,False,False,False,False,False,True,False,False,False,False,False,False,0,0,0,0,0,0,0,0,0,0,0,1,0
348,0.5,False,True,False,False,False,False,False,False,False,False,False,False,False,False,False,False,False,False,False,False,False,True,False,False,False,False,0,0,0,0,1,0,0,1,1,0,0,0,0
349,0.13,False,True,False,False,False,False,False,False,False,False,False,False,False,False,False,False,False,False,False,False,False,True,False,False,False,False,0,0,0,0,1,0,0,1,0,0,0,0,0
350,2.0,False,True,False,False,False,False,False,False,False,False,False,False,False,False,False,False,False,False,False,False,True,False,False,False,False,False,0,0,0,0,0,0,0,0,0,0,0,1,0
351,3.0,False,True,False,False,False,False,False,False,False,False,False,False,False,False,False,False,False,False,False,True,False,False,False,False,False,False,0,0,0,0,1,0,0,1,0,0,0,1,0
352,6.0,False,True,False,False,False,False,False,False,False,False,False,False,False,False,False,False,False,False,False,True,False,False,False,False,False,False,0,0,0,0,1,0,0,1,0,0,0,0,0
353,0.0,False,True,False,False,False,False,False,False,False,False,False,False,False,False,False,False,False,False,False,False,False,False,True,False,False,False,0,0,0,0,1,0,0,1,0,0,0,1,0
354,0.13,False,True,False,False,False,False,False,False,False,False,False,False,False,False,False,False,False,False,False,False,False,False,False,False,True,False,0,0,0,0,1,0,0,1,0,0,0,1,0
355,0.5,False,True,False,False,False,False,False,False,False,False,False,False,False,False,False,False,False,False,False,False,False,True,False,False,False,False,0,0,0,0,0,0,0,0,0,0,0,1,0
356,0.0,False,True,False,False,False,False,False,False,False,False,False,False,False,False,False,False,False,False,False,False,False,False,False,False,True,False,0,0,0,0,0,0,0,0,0,0,0,1,0
357,2.0,False,True,False,False,False,False,False,False,False,False,False,False,False,False,False,False,False,False,False,False,False,True,False,False,False,False,0,0,0,0,1,0,0,1,0,0,0,1,0
358,1.0,False,True,False,False,False,False,False,False,False,False,False,False,False,False,False,False,False,False,False,False,False,True,False,False,False,False,0,0,0,0,1,0,0,1,0,0,0,1,0
359,0.0,False,True,False,False,False,False,False,False,False,False,False,False,False,False,False,False,False,False,False,False,False,True,False,False,False,False,0,0,0,0,1,0,0,1,1,0,0,0,0
360,0.5,False,False,False,False,False,False,False,False,False,False,False,False,True,False,False,False,False,False,False,False,True,False,False,False,False,False,0,0,0,0,1,0,1,0,0,0,0,0,0
361,0.25,False,False,False,True,False,False,False,False,False,False,False,False,False,False,False,False,False,False,False,False,False,True,False,False,False,False,0,0,0,1,0,0,0,0,0,0,1,0,0
362,0.13,False,False,False,True,False,False,False,False,False,False,False,False,False,False,False,False,False,False,False,False,False,True,False,False,False,False,0,0,0,1,0,0,0,0,1,0,1,0,0
363,1.0,False,False,False,True,False,False,False,False,False,False,False,False,False,False,False,False,False,False,False,False,False,True,False,False,False,False,0,0,0,1,0,0,0,0,1,0,1,0,0
364,0.5,False,False,False,True,False,False,False,False,False,False,False,False,False,False,False,False,False,False,False,False,False,True,False,False,False,False,0,0,0,1,0,0,0,0,0,0,1,0,0
365,11.0,True,False,False,False,False,False,False,False,False,False,False,False,False,False,False,False,False,False,False,False,False,True,False,False,False,False,0,0,0,1,0,0,0,0,0,1,0,1,0
366,15.0,False,False,False,False,False,False,False,False,False,False,False,False,False,False,False,False,False,True,False,False,False,True,False,False,False,False,0,0,0,1,0,0,0,0,0,0,0,0,0
367,2.0,False,False,False,False,False,False,False,False,False,False,False,False,False,False,False,True,False,False,False,False,True,False,False,False,False,False,0,0,0,0,1,0,0,0,0,0,0,0,0
368,11.0,False,False,False,False,False,False,False,False,False,False,False,False,False,False,False,False,False,True,False,False,False,True,False,False,False,False,0,0,0,1,0,0,0,0,0,0,0,0,0
369,4.0,False,False,False,False,False,False,False,False,False,False,False,False,False,False,False,False,False,True,False,False,True,False,False,False,False,False,0,0,0,1,0,0,0,0,0,0,0,0,0
370,10.0,False,False,False,False,False,False,False,False,False,False,False,False,True,False,False,False,False,False,False,False,True,False,False,False,False,False,0,0,0,0,1,0,1,0,0,0,0,0,0
371,8.0,False,False,False,False,False,False,False,False,False,False,False,False,True,False,False,False,False,False,False,False,True,False,False,False,False,False,0,0,0,0,1,0,1,0,0,0,0,0,0
372,17.0,False,False,False,False,False,False,False,False,False,False,True,False,False,False,False,False,False,False,False,False,False,True,False,False,False,False,0,0,0,0,1,0,0,1,0,0,1,0,0
373,3.0,True,False,False,False,False,False,False,False,False,False,False,False,False,False,False,False,False,False,False,False,False,False,True,False,False,False,0,0,0,1,0,0,0,0,0,1,0,0,0
374,0.13,True,False,False,False,False,False,False,False,False,False,False,False,False,False,False,False,False,False,False,False,False,False,False,False,True,False,0,0,0,1,0,0,0,0,0,1,0,0,0
375,4.0,True,False,False,False,False,False,False,False,False,False,False,False,False,False,False,False,False,False,False,False,False,True,False,False,False,False,0,0,0,1,0,0,0,0,0,1,0,0,0
376,13.0,True,False,False,False,False,False,False,False,False,False,False,False,False,False,False,False,False,False,True,False,False,False,False,False,False,False,0,0,0,1,0,0,0,0,0,1,0,0,0
377,2.0,False,False,False,False,False,False,True,False,False,False,False,False,False,False,False,False,False,False,False,False,False,True,False,False,False,False,0,0,0,0,1,0,0,1,0,0,0,1,0
378,3.0,False,False,False,False,False,False,False,True,False,False,False,False,False,False,False,False,False,False,False,False,True,False,False,False,False,False,0,0,0,0,0,1,0,0,1,0,0,0,0
379,20.0,False,False,False,False,False,False,False,False,False,False,False,False,False,False,False,False,False,True,False,True,False,False,False,False,False,False,0,0,0,1,0,0,0,0,1,0,0,0,0
380,2.0,True,False,False,False,False,False,False,False,False,False,False,False,False,False,False,False,False,False,False,False,False,True,False,False,False,False,0,0,0,1,0,0,0,0,0,1,0,0,0
381,0.0,False,False,False,False,False,False,False,False,False,False,True,False,False,False,False,False,False,False,False,False,False,True,False,False,False,False,0,0,0,0,1,0,0,1,0,0,1,0,0
382,5.0,False,False,False,False,False,False,False,False,False,False,True,False,False,False,False,False,False,False,False,False,False,True,False,False,False,False,0,0,0,0,0,0,0,0,0,0,0,1,0
383,0.25,False,False,False,False,False,False,False,False,False,False,False,False,False,False,True,False,False,False,False,False,False,False,False,False,True,False,0,1,0,1,0,0,0,0,0,0,0,0,0
384,5.0,False,False,False,False,False,False,False,False,False,False,False,False,False,False,True,False,False,False,False,False,False,True,False,False,False,False,0,1,0,1,0,0,0,0,0,0,0,0,0
385,10.0,False,False,False,False,False,False,False,False,False,False,False,False,False,False,True,False,False,False,False,True,False,False,False,False,False,False,0,1,0,1,0,0,0,0,0,0,0,0,0
386,2.0,False,False,False,False,False,False,False,False,False,True,False,False,False,False,False,False,False,False,False,False,True,False,False,False,False,False,0,0,0,0,1,0,0,1,0,0,0,0,0
387,3.0,False,False,False,False,False,False,False,False,False,True,False,False,False,False,False,False,False,False,False,False,True,False,False,False,False,False,0,0,0,0,1,0,0,1,0,0,0,0,0
388,1.0,False,False,False,False,False,False,False,False,False,True,False,False,False,False,False,False,False,False,False,False,True,False,False,False,False,False,0,0,0,0,1,0,0,1,0,0,0,0,0
389,7.0,False,False,False,False,False,False,False,False,False,True,False,False,False,False,False,False,False,False,False,False,True,False,False,False,False,False,0,0,0,0,1,0,0,1,1,0,0,0,0
390,10.0,False,False,False,False,False,False,False,False,False,False,False,False,False,False,False,False,False,True,False,True,False,False,False,False,False,False,0,0,0,1,0,0,0,0,0,0,0,0,0
391,4.0,False,False,False,False,False,False,False,False,False,False,False,False,False,False,True,False,False,False,False,False,True,False,False,False,False,False,0,1,0,1,0,0,0,0,0,0,0,0,0
392,2.0,False,False,False,False,False,False,False,False,False,False,False,False,False,False,True,False,False,False,False,False,True,False,False,False,False,False,0,1,0,1,0,0,0,0,0,0,0,0,0
393,0.5,False,False,False,False,False,False,False,False,False,False,False,False,False,False,True,False,False,False,False,False,False,True,False,False,False,False,0,1,0,1,0,0,0,0,0,0,0,0,0
394,5.0,True,False,False,False,False,False,False,False,False,False,False,False,False,False,False,False,False,False,False,False,True,False,False,False,False,False,0,0,0,1,0,0,0,0,0,1,0,0,0
395,3.0,False,False,False,False,False,False,False,False,False,False,False,False,True,False,False,False,False,False,False,False,True,False,False,False,False,False,0,0,0,0,1,0,0,1,0,0,0,0,0
396,2.0,False,False,True,False,False,False,False,False,False,False,False,False,False,False,False,False,False,False,False,False,True,False,False,False,False,False,0,0,0,0,0,0,0,1,1,0,0,0,0
397,2.0,False,False,False,False,False,False,False,False,False,False,False,False,True,False,False,False,False,False,False,False,False,True,False,False,False,False,0,0,0,0,1,0,1,0,1,0,0,0,0
398,0.5,False,False,False,False,False,False,False,False,False,False,False,False,True,False,False,False,False,False,False,False,False,True,False,False,False,False,0,0,0,0,1,0,1,0,0,0,0,0,0
399,0.25,False,False,False,False,False,False,True,False,False,False,False,False,False,False,False,False,False,False,False,False,False,False,False,False,True,False,0,0,0,0,1,0,0,1,1,0,0,0,0
400,19.0,False,False,False,False,False,True,False,False,False,False,False,False,False,False,False,False,False,False,False,True,False,False,False,False,False,False,0,1,0,0,0,0,0,0,1,0,0,0,0
401,20.0,False,False,False,False,False,True,False,False,False,False,False,False,False,False,False,False,False,False,True,False,False,False,False,False,False,False,0,1,0,0,0,0,0,0,0,1,0,0,0
402,18.0,False,False,False,False,False,True,False,False,False,False,False,False,False,False,False,False,False,False,False,True,False,False,False,False,False,False,0,1,0,0,0,0,0,0,0,0,0,1,0
403,18.0,False,False,False,False,False,True,False,False,False,False,False,False,False,False,False,False,False,False,False,True,False,False,False,False,False,False,0,1,0,0,0,0,0,0,1,0,0,0,0
404,0.25,False,False,False,False,True,False,False,False,False,False,False,False,False,False,False,False,False,False,False,False,False,False,False,False,True,False,0,0,0,0,0,0,1,0,1,0,0,0,0
405,15.0,False,False,False,False,False,False,False,False,False,False,False,False,True,False,False,False,False,False,True,False,False,False,False,False,False,False,0,0,0,0,1,0,1,0,0,1,0,0,0
406,1.0,False,False,False,False,False,False,True,False,False,False,False,False,False,False,False,False,False,False,False,False,False,False,False,False,True,False,0,0,0,0,1,0,0,1,0,0,0,0,0
407,3.0,False,False,False,False,False,False,True,False,False,False,False,False,False,False,False,False,False,False,False,False,False,False,True,False,False,False,0,0,0,0,1,0,0,1,0,0,0,0,0
408,11.0,False,False,False,False,False,False,False,False,False,False,False,False,True,False,False,False,False,False,False,True,False,False,False,False,False,False,0,0,0,0,1,0,1,0,0,1,0,0,0
409,5.0,False,False,False,False,False,False,False,False,False,False,False,False,False,False,False,False,False,True,False,False,False,True,False,False,False,False,0,0,0,1,0,0,0,0,0,0,0,0,0
410,11.0,False,False,False,False,False,False,False,False,False,False,False,False,True,False,False,False,False,False,True,False,False,False,False,False,False,False,0,0,0,0,1,0,1,0,1,0,0,0,0
411,0.5,False,False,False,False,False,False,False,False,False,False,True,False,False,False,False,False,False,False,False,False,False,True,False,False,False,False,0,0,0,0,0,0,0,0,0,0,0,1,0
412,5.0,False,False,False,False,False,False,False,False,False,False,True,False,False,False,False,False,False,False,False,False,True,False,False,False,False,False,0,0,0,0,0,0,0,0,0,0,0,1,0
413,2.0,False,False,False,False,False,False,False,False,False,False,True,False,False,False,False,False,False,False,False,False,False,True,False,False,False,False,0,0,0,0,0,0,0,0,0,0,0,1,0
414,1.0,False,False,False,False,False,True,False,False,False,False,False,False,False,False,False,False,False,False,False,False,False,True,False,False,False,False,0,1,0,0,0,0,0,0,0,0,0,0,0
415,9.0,False,False,False,False,False,True,False,False,False,False,False,False,False,False,False,False,False,False,False,True,False,False,False,False,False,False,0,1,0,0,0,0,0,0,0,1,0,0,0
416,0.5,False,False,False,False,False,False,True,False,False,False,False,False,False,False,False,False,False,False,False,False,False,True,False,False,False,False,0,0,0,0,1,0,0,1,0,0,0,0,0
417,5.0,False,False,False,False,False,False,False,False,False,False,False,False,True,False,False,False,False,False,False,False,True,False,False,False,False,False,0,0,0,0,0,0,0,0,0,0,0,1,0
418,1.0,False,False,False,False,False,False,False,False,False,False,True,False,False,False,False,False,False,False,False,False,False,True,False,False,False,False,0,0,0,0,0,0,0,0,0,0,0,1,0
419,0.5,False,False,False,False,False,False,False,False,False,False,False,False,False,False,False,False,False,True,False,False,False,True,False,False,False,False,0,0,0,1,0,0,0,0,0,0,0,0,0
420,13.0,False,False,False,False,True,False,False,False,False,False,False,False,False,False,False,False,False,False,False,False,False,False,False,False,False,True,0,0,0,0,0,0,1,0,1,0,0,0,0
421,5.0,False,False,False,False,False,False,False,False,False,False,False,False,False,False,False,True,False,False,False,False,True,False,False,False,False,False,0,0,0,0,1,0,0,0,0,0,0,1,0
422,7.0,False,False,False,True,False,False,False,False,False,False,False,False,False,False,False,False,False,False,False,False,True,False,False,False,False,False,0,0,0,1,0,0,0,0,0,0,1,0,0
423,3.0,False,False,False,False,False,False,True,False,False,False,False,False,False,False,False,False,False,False,False,False,False,True,False,False,False,False,0,0,0,0,1,0,0,1,0,0,0,1,0
424,7.0,False,False,False,False,False,False,False,False,False,False,False,False,False,False,False,False,False,True,False,True,False,False,False,False,False,False,0,0,0,1,0,0,0,0,0,0,0,0,0
425,2.0,False,False,False,False,False,False,False,False,False,False,False,False,False,False,False,False,False,True,False,False,True,False,False,False,False,False,0,0,0,1,0,0,0,0,0,0,0,0,0
426,0.5,False,False,False,False,False,False,False,False,False,False,False,False,False,False,False,False,False,True,False,False,True,False,False,False,False,False,0,0,0,1,0,0,0,0,0,0,0,0,0
427,7.0,True,False,False,False,False,False,False,False,False,False,False,False,False,False,False,False,False,False,False,False,True,False,False,False,False,False,0,0,0,1,0,0,0,0,0,1,0,0,0
428,10.0,True,False,False,False,False,False,False,False,False,False,False,False,False,False,False,False,False,False,False,False,False,True,False,False,False,False,0,0,0,1,0,0,0,0,0,1,0,0,0
429,9.0,True,False,False,False,False,False,False,False,False,False,False,False,False,False,False,False,False,False,False,False,False,True,False,False,False,False,0,0,0,1,0,0,0,0,0,1,0,0,0
430,8.0,True,False,False,False,False,False,False,False,False,False,False,False,False,False,False,False,False,False,False,False,True,False,False,False,False,False,0,0,0,1,0,0,0,0,0,1,0,0,0
431,3.0,False,False,False,False,False,False,False,False,False,False,False,False,False,False,True,False,False,False,False,False,False,True,False,False,False,False,0,1,0,1,0,0,0,0,0,0,0,1,0
432,13.0,False,False,False,False,False,False,False,False,False,False,False,False,True,False,False,False,False,False,False,False,False,True,False,False,False,False,0,0,0,0,1,0,1,0,0,0,0,0,0
433,11.0,False,False,False,False,False,False,False,False,False,False,False,False,True,False,False,False,False,False,False,False,False,True,False,False,False,False,0,0,0,0,1,0,1,0,0,0,0,0,0
434,9.0,False,False,False,False,False,False,False,False,False,False,False,False,True,False,False,False,False,False,False,False,False,True,False,False,False,False,0,0,0,0,1,0,1,0,0,0,0,0,0
435,0.25,False,False,False,False,False,False,False,False,False,False,False,False,True,False,False,False,False,False,False,False,False,False,True,False,False,False,0,0,0,0,1,0,1,0,0,0,0,0,0
436,1.0,False,False,False,False,False,False,False,False,False,False,False,False,False,False,False,False,False,True,False,False,False,True,False,False,False,False,0,0,0,1,0,0,0,0,1,0,0,0,0
437,17.0,False,False,False,False,False,False,False,False,False,False,False,False,True,False,False,False,False,False,False,False,True,False,False,False,False,False,0,0,0,0,1,0,1,0,1,0,0,0,0
438,11.0,False,False,False,False,False,False,False,False,False,False,False,False,True,False,False,False,False,False,False,False,True,False,False,False,False,False,0,0,0,0,1,0,1,0,1,0,0,0,0
439,0.0,False,False,False,False,False,False,False,False,False,False,False,False,False,False,False,True,False,False,False,False,False,False,False,True,False,False,0,0,0,0,1,0,0,0,0,0,0,0,0
440,0.25,True,False,False,False,False,False,False,False,False,False,False,False,False,False,False,False,False,False,False,False,False,False,True,False,False,False,0,0,0,1,0,0,0,0,0,1,0,0,0
441,10.0,True,False,False,False,False,False,False,False,False,False,False,False,False,False,False,False,False,False,False,False,True,False,False,False,False,False,0,0,0,1,0,0,0,0,0,1,0,0,0
442,16.0,True,False,False,False,False,False,False,False,False,False,False,False,False,False,False,False,False,False,False,False,False,True,False,False,False,False,0,0,0,1,0,0,0,0,0,1,0,0,0
443,5.0,True,False,False,False,False,False,False,False,False,False,False,False,False,False,False,False,False,False,False,False,False,True,False,False,False,False,0,0,0,1,0,0,0,0,0,1,0,0,0
444,13.0,True,False,False,False,False,False,False,False,False,False,False,False,False,False,False,False,False,False,False,False,False,True,False,False,False,False,0,0,0,1,0,0,0,0,0,1,0,0,0
445,0.25,False,False,False,False,False,False,False,False,False,False,False,False,True,False,False,False,False,False,False,False,False,True,False,False,False,False,0,0,0,0,1,0,1,0,0,0,0,0,0
446,0.13,False,True,False,False,False,False,False,False,False,False,False,False,False,False,False,False,False,False,False,False,False,False,False,False,True,False,0,0,0,0,1,0,0,1,1,0,0,0,0
447,6.0,False,False,False,True,False,False,False,False,False,False,False,False,False,False,False,False,False,False,False,False,False,True,False,False,False,False,0,0,0,1,0,0,0,0,0,0,1,0,0
448,30.0,False,False,False,False,False,False,False,False,False,False,False,False,True,False,False,False,False,False,True,False,False,False,False,False,False,False,0,0,0,0,1,0,1,0,0,0,0,0,0
449,0.5,False,False,False,False,False,False,False,False,False,False,False,False,False,False,False,True,False,False,False,False,True,False,False,False,False,False,0,0,0,0,1,0,0,0,0,0,0,0,0
450,1.0,False,False,False,False,False,False,False,False,False,False,False,False,False,False,False,True,False,False,False,False,False,True,False,False,False,False,0,0,0,0,1,0,0,0,0,0,0,0,0
451,30.0,False,False,False,False,False,False,False,True,False,False,False,False,False,False,False,False,False,False,True,False,False,False,False,False,False,False,0,0,0,0,0,1,0,0,1,0,0,0,0
452,1.0,False,False,False,True,False,False,False,False,False,False,False,False,False,False,False,False,False,False,False,False,False,False,False,False,True,False,0,0,0,1,0,0,0,0,0,0,1,0,0
453,0.5,False,False,False,False,False,False,False,False,False,False,False,False,False,False,False,False,False,True,False,False,False,False,True,False,False,False,0,0,0,1,0,0,0,0,0,0,0,0,0
454,9.0,False,False,False,False,False,False,False,False,False,False,False,False,False,False,False,True,False,False,False,True,False,False,False,False,False,False,0,0,0,0,1,0,0,0,0,0,0,0,0
455,5.0,False,False,False,False,False,False,False,False,False,True,False,False,False,False,False,False,False,False,False,False,True,False,False,False,False,False,0,0,0,0,1,0,0,1,0,0,0,0,0
456,13.0,False,False,False,False,False,False,False,False,False,True,False,False,False,False,False,False,False,False,False,True,False,False,False,False,False,False,0,0,0,0,1,0,0,1,0,0,0,0,0
457,9.0,False,False,False,False,False,False,False,False,False,True,False,False,False,False,False,False,False,False,False,False,True,False,False,False,False,False,0,0,0,0,1,0,0,1,0,0,0,0,0
458,11.0,False,False,False,False,False,False,False,False,False,True,False,False,False,False,False,False,False,False,False,False,True,False,False,False,False,False,0,0,0,0,1,0,0,1,0,0,0,0,0
459,7.0,False,False,False,False,False,False,False,False,False,True,False,False,False,False,False,False,False,False,False,False,True,False,False,False,False,False,0,0,0,0,1,0,0,1,0,0,0,0,0
460,5.0,False,False,True,False,False,False,False,False,False,False,False,False,False,False,False,False,False,False,False,False,True,False,False,False,False,False,0,0,0,0,0,0,0,1,1,0,0,0,0
461,13.0,False,False,False,False,False,False,False,False,False,False,False,False,False,False,False,False,False,True,False,False,False,True,False,False,False,False,0,0,0,1,0,0,0,0,0,0,0,0,0
462,3.0,False,False,False,False,False,False,False,False,False,False,False,False,False,False,False,False,False,True,False,False,False,True,False,False,False,False,0,0,0,1,0,0,0,0,1,0,0,0,0
463,0.25,False,False,False,False,False,False,False,False,False,False,False,False,False,False,False,True,False,False,False,False,False,False,True,False,False,False,0,0,0,0,1,0,0,0,0,0,0,0,0
464,2.0,False,False,False,False,False,False,False,False,False,False,False,False,False,False,False,True,False,False,False,False,False,False,True,False,False,False,0,0,0,0,1,0,0,0,0,0,0,0,0
465,3.0,False,False,False,False,False,True,False,False,False,False,False,False,False,False,False,False,False,False,False,False,True,False,False,False,False,False,0,0,0,0,0,0,0,0,0,0,0,1,0
466,10.0,False,False,False,False,False,False,False,False,False,False,False,False,False,False,True,False,False,False,True,False,False,False,False,False,False,False,0,1,0,1,0,0,0,0,0,0,0,0,0
467,2.0,False,False,False,False,False,False,False,False,False,False,False,False,False,False,False,False,False,True,False,False,False,False,False,False,True,False,0,0,0,1,0,0,0,0,1,0,0,0,0
468,5.0,False,False,False,False,False,False,False,False,False,False,False,False,False,False,False,True,False,False,False,False,False,True,False,False,False,False,0,0,0,0,1,0,0,0,0,0,0,0,0
469,6.0,False,False,False,False,True,False,False,False,False,False,False,False,False,False,False,False,False,False,False,False,True,False,False,False,False,False,0,0,0,0,0,0,1,0,1,0,0,0,0
470,5.0,False,False,False,False,False,True,False,False,False,False,False,False,False,False,False,False,False,False,False,False,False,True,False,False,False,False,0,1,0,0,0,0,0,0,0,1,0,0,0
471,2.0,False,False,False,False,False,False,False,False,False,False,False,False,False,False,False,True,False,False,False,False,False,True,False,False,False,False,0,0,0,0,1,0,0,0,0,0,0,0,0
472,4.0,False,False,False,False,False,False,True,False,False,False,False,False,False,False,False,False,False,False,False,False,True,False,False,False,False,False,0,0,0,0,1,0,0,1,1,0,0,0,0
473,9.0,False,False,False,False,False,False,False,False,False,False,False,False,True,False,False,False,False,False,False,True,False,False,False,False,False,False,0,0,0,0,1,0,1,0,0,0,0,0,0
474,7.0,False,False,False,False,False,False,False,False,False,False,False,False,True,False,False,False,False,False,False,False,True,False,False,False,False,False,0,0,0,0,1,0,1,0,0,0,0,0,0
475,12.0,False,False,False,False,False,False,False,False,False,False,False,False,False,True,False,False,False,False,False,True,False,False,False,False,False,False,0,0,0,0,1,0,1,0,0,0,0,1,0
476,4.0,False,False,False,False,False,False,False,False,False,False,False,False,False,True,False,False,False,False,False,False,False,True,False,False,False,False,0,0,0,0,1,0,1,0,0,0,0,0,0
477,5.0,False,False,False,False,False,False,False,False,False,False,False,False,False,True,False,False,False,False,False,False,False,True,False,False,False,False,0,0,0,0,1,0,1,0,0,0,0,0,0
478,9.0,False,False,False,False,False,False,False,True,False,False,False,False,False,False,False,False,False,False,False,False,False,True,False,False,False,False,0,0,0,0,0,1,0,0,0,0,0,1,0
479,3.0,False,False,False,False,False,False,False,True,False,False,False,False,False,False,False,False,False,False,False,False,False,True,False,False,False,False,0,0,0,0,0,1,0,0,0,0,0,1,0
480,12.0,False,False,False,False,False,False,False,True,False,False,False,False,False,False,False,False,False,False,False,False,False,True,False,False,False,False,0,0,0,0,0,1,0,0,0,0,0,0,0
481,13.0,False,False,False,False,False,False,False,True,False,False,False,False,False,False,False,False,False,False,False,False,False,True,False,False,False,False,0,0,0,0,0,1,0,0,1,0,0,0,0
482,11.0,False,False,False,False,False,False,False,True,False,False,False,False,False,False,False,False,False,False,False,False,True,False,False,False,False,False,0,0,0,0,0,1,0,0,0,0,0,0,0
483,3.0,False,False,False,False,False,False,False,False,False,False,False,False,False,False,False,False,False,True,False,True,False,False,False,False,False,False,0,0,0,1,0,0,0,0,0,0,0,0,0
484,5.0,False,False,False,False,False,False,False,False,False,False,False,False,False,False,False,False,False,True,False,False,True,False,False,False,False,False,0,0,0,1,0,0,0,0,1,0,0,0,0
485,3.0,False,False,False,False,False,False,False,False,False,False,False,False,False,False,False,False,False,True,False,False,True,False,False,False,False,False,0,0,0,1,0,0,0,0,0,0,0,0,0
486,8.0,False,False,False,False,False,False,False,False,False,False,False,False,False,False,False,False,False,True,False,True,False,False,False,False,False,False,0,0,0,1,0,0,0,0,0,0,0,0,0
487,0.13,False,False,False,False,False,False,False,False,False,False,False,False,False,False,False,True,False,False,False,False,False,True,False,False,False,False,0,0,0,0,1,0,0,0,0,0,0,0,0
